-- phpMyAdmin SQL Dump
-- version 5.1.1
-- https://www.phpmyadmin.net/
--
-- Host: 127.0.0.1
-- Generation Time: Mar 21, 2022 at 06:10 AM
-- Server version: 10.4.20-MariaDB
-- PHP Version: 8.0.8

SET SQL_MODE = "NO_AUTO_VALUE_ON_ZERO";
START TRANSACTION;
SET time_zone = "+00:00";


/*!40101 SET @OLD_CHARACTER_SET_CLIENT=@@CHARACTER_SET_CLIENT */;
/*!40101 SET @OLD_CHARACTER_SET_RESULTS=@@CHARACTER_SET_RESULTS */;
/*!40101 SET @OLD_COLLATION_CONNECTION=@@COLLATION_CONNECTION */;
/*!40101 SET NAMES utf8mb4 */;

--
-- Database: `tutorial12`
--

-- --------------------------------------------------------

--
-- Table structure for table `tbl_ipmp`
--

CREATE TABLE `tbl_ipmp` (
  `id` bigint(20) UNSIGNED NOT NULL,
  `machine_id` int(11) DEFAULT NULL,
  `process_id` int(11) DEFAULT NULL,
  `item_id` int(11) DEFAULT NULL,
  `parametername` varchar(20) COLLATE utf8mb4_unicode_ci DEFAULT NULL,
  `lower_tolerance` double(10,2) DEFAULT NULL,
  `upper_tolerance` double(10,2) DEFAULT NULL,
  `is_delete` tinyint(4) DEFAULT NULL,
  `created_at` timestamp NULL DEFAULT current_timestamp(),
  `updated_at` timestamp NULL DEFAULT NULL ON UPDATE current_timestamp()
) ENGINE=InnoDB DEFAULT CHARSET=utf8mb4 COLLATE=utf8mb4_unicode_ci;

--
-- Dumping data for table `tbl_ipmp`
--

INSERT INTO `tbl_ipmp` (`id`, `machine_id`, `process_id`, `item_id`, `parametername`, `lower_tolerance`, `upper_tolerance`, `is_delete`, `created_at`, `updated_at`) VALUES
(61, 10, 2, 1, 'HOLE', 7.00, 7.20, 0, '2021-05-26 17:16:17', '2021-05-26 12:02:50'),
(62, 10, 2, 1, 'HOLE CENTER', 5.90, 6.10, 0, '2021-05-26 17:18:13', NULL),
(63, 10, 2, 1, 'HOLE CENTER', 7.90, 8.10, 0, '2021-05-26 17:19:52', NULL),
(64, 10, 2, 1, 'HOLE DEEP', 11.90, 12.10, 0, '2021-05-26 17:21:06', NULL),
(65, 10, 2, 1, 'VISUALLY', NULL, NULL, 0, '2021-05-26 17:21:57', NULL),
(66, 12, 2, 1, 'HOLE', 6.70, 6.90, 0, '2021-05-26 17:29:42', NULL),
(67, 12, 2, 1, 'HOLE CENTER', 6.90, 7.10, 0, '2021-05-26 17:31:18', NULL),
(68, 12, 2, 1, 'HOLE CENTER', 7.40, 7.60, 0, '2021-05-26 17:32:06', NULL),
(69, 12, 2, 1, 'VISUALLY', NULL, NULL, 0, '2021-05-26 17:32:42', NULL),
(70, 6, 2, 1, 'HOLE', 7.50, 7.70, 1, '2021-05-26 17:35:09', '2021-07-08 09:17:47'),
(71, 6, 2, 1, 'HOLE CENTER', 15.90, 16.10, 0, '2021-05-26 17:35:55', NULL),
(72, 6, 2, 1, 'HOLE CENTER', 7.90, 8.10, 0, '2021-05-26 17:36:47', '2021-07-04 09:20:46'),
(73, 6, 2, 1, 'VISUALLY', NULL, NULL, 1, '2021-05-26 17:37:08', '2021-07-08 09:17:55'),
(74, 5, 2, 1, 'HOLE', 6.50, 6.20, 0, '2021-05-26 17:38:29', NULL),
(75, 5, 2, 1, 'HOLE CENTER', 5.15, 5.35, 0, '2021-05-26 17:46:31', NULL),
(76, 12, 2, 1, 'HOLE CENTER', 7.90, 8.10, 0, '2021-05-26 17:47:10', NULL),
(77, 5, 2, 1, 'HOLE DEEP', 9.90, 10.10, 0, '2021-05-26 17:48:42', NULL),
(78, 5, 2, 1, 'VISUALLY', NULL, NULL, 0, '2021-05-26 17:49:08', NULL),
(79, 2, 4, 1, 'THREAD', NULL, NULL, 0, '2021-05-26 17:54:59', NULL),
(80, 2, 4, 1, 'VISUALLY', NULL, NULL, 0, '2021-05-26 17:55:28', NULL),
(82, 1, 2, 1, 'HOLE CENTER', 7.40, 7.60, 0, '2021-05-26 17:58:15', NULL),
(83, 1, 2, 1, 'HOLE CENTER', 7.90, 8.10, 0, '2021-05-26 17:58:47', NULL),
(84, 1, 2, 1, 'HOLE DEEP', 13.90, 14.10, 0, '2021-05-26 18:00:11', NULL),
(85, 1, 2, 1, 'VISUALLY', NULL, NULL, 0, '2021-05-26 18:00:25', NULL),
(86, 11, 4, 1, 'THREAD', NULL, NULL, 0, '2021-05-26 18:01:39', NULL),
(87, 11, 4, 1, 'VISUALLY', NULL, NULL, 0, '2021-05-26 18:02:24', NULL),
(88, 9, 3, 1, 'HOLE', 4.10, 4.30, 0, '2021-05-26 18:04:10', NULL),
(89, 9, 3, 1, 'HOLE CENTER', 7.90, 8.10, 0, '2021-05-26 18:08:34', NULL),
(90, 9, 3, 1, 'HOLE CENTER', 25.90, 26.10, 0, '2021-05-26 18:10:28', NULL),
(91, 9, 3, 1, 'VISUALLY', NULL, NULL, 0, '2021-05-26 18:10:51', NULL),
(92, 8, 3, 1, 'HOLE', 4.10, 4.30, 0, '2021-05-26 18:12:22', NULL),
(93, 8, 3, 1, 'HOLE CENTER', 7.90, 8.10, 0, '2021-05-26 18:14:11', NULL),
(94, 8, 3, 1, 'HOLE CENTER', 25.90, 26.10, 0, '2021-05-26 18:14:55', NULL),
(95, 8, 3, 1, 'VISUALLY', NULL, NULL, 0, '2021-05-26 18:15:09', '2021-05-30 15:50:12'),
(96, 7, 3, 1, 'HOLE', 4.90, 5.10, 1, '2021-05-26 18:17:13', '2021-07-11 10:51:03'),
(97, 7, 3, 1, 'HOLE CENTER', 4.90, 5.10, 0, '2021-05-26 18:19:17', NULL),
(98, 7, 3, 1, 'HOLE CENTER', 5.90, 6.10, 0, '2021-05-26 18:19:48', NULL),
(99, 7, 3, 1, 'VISUALLY', NULL, NULL, 1, '2021-05-26 18:20:08', '2021-07-07 10:02:02'),
(100, 13, 1, 1, 'TLENGTH', 24.00, 24.10, 1, '2021-05-26 18:22:46', '2021-07-08 09:31:28'),
(101, 13, 1, 1, 'VISUALLY', NULL, NULL, 1, '2021-05-26 18:23:04', '2021-07-08 09:17:59'),
(102, 5, 2, 7, 'HOLE ø', NULL, NULL, 1, '2021-06-21 04:34:17', '2021-06-21 04:34:43'),
(103, 5, 2, 7, 'HOLE ø', 11.00, 11.10, 0, '2021-06-21 04:35:33', NULL),
(104, 5, 2, 7, 'HOLE CENTER', 7.40, 7.60, 0, '2021-06-21 04:38:29', NULL),
(105, 5, 2, 7, 'HOLE CENTER', 7.40, 7.60, 0, '2021-06-21 04:39:51', NULL),
(106, 5, 2, 7, 'HOLE ø', 7.40, 7.60, 0, '2021-06-21 13:31:37', NULL),
(107, 40, 2, 15, 'HOLE ø', 3.20, 3.40, 0, '2021-06-27 11:15:12', NULL),
(108, 40, 2, 15, 'HOLE CENTER', 3.40, 3.60, 0, '2021-06-27 11:15:48', NULL),
(109, 40, 2, 15, 'HOLE CENTER', 71.80, 72.20, 0, '2021-06-27 11:16:39', NULL),
(110, 1, 2, 1, 'HOLE ø', 10.00, 10.20, 0, '2021-07-03 11:54:53', NULL),
(111, 1, 2, 1, 'HOLE CENTER', 7.40, 7.60, 0, '2021-07-03 11:56:31', NULL),
(112, 1, 2, 1, 'HOLE CENTER', NULL, NULL, 0, '2021-07-03 11:57:45', NULL),
(113, 10, 2, 1, 'HOLE ø', NULL, NULL, 0, '2021-07-03 12:00:45', NULL),
(114, 10, 2, 1, 'HOLE DEEP', 8.90, 9.10, 0, '2021-07-03 12:02:17', '2021-07-05 10:00:55'),
(115, 12, 2, 1, 'HOLE ø', NULL, NULL, 0, '2021-07-03 13:54:11', NULL),
(116, 12, 2, 1, 'HOLE CENTER', NULL, NULL, 0, '2021-07-03 13:55:26', NULL),
(117, 12, 2, 1, 'HOLE CENTER', NULL, NULL, 0, '2021-07-03 13:57:03', NULL),
(118, 12, 2, 1, 'HOLE CENTER', NULL, NULL, 0, '2021-07-03 13:57:03', NULL),
(119, 12, 2, 1, 'HOLE CENTER', 7.40, 7.60, 0, '2021-07-03 13:57:08', NULL),
(120, 12, 2, 1, 'HOLE CENTER', 7.40, 7.60, 0, '2021-07-03 13:57:09', NULL),
(121, 12, 2, 1, 'HOLE CENTER', NULL, NULL, 0, '2021-07-03 13:57:09', NULL),
(122, 92, 2, 19, 'HOLE ø', NULL, NULL, 1, '2021-07-04 05:27:46', '2021-07-04 09:32:04'),
(123, 92, 2, 19, 'HOLE ø', NULL, NULL, 1, '2021-07-04 05:28:01', '2021-07-04 09:31:57'),
(124, 92, 2, 19, 'HOLE ø', 5.40, 5.60, 0, '2021-07-04 05:28:57', '2021-07-04 09:12:07'),
(125, 92, 2, 19, 'HOLE CENTER', NULL, NULL, 1, '2021-07-04 05:38:21', '2021-07-04 09:31:49'),
(126, 92, 2, 19, 'HOLE CENTER', 10.30, 10.70, 0, '2021-07-04 05:39:09', '2021-07-04 09:09:16'),
(127, 74, 8, 20, 'SLOTTING', 2.80, 3.20, 0, '2021-07-04 05:55:12', NULL),
(128, 1, 2, 1, '123', NULL, NULL, 1, '2021-07-04 07:31:11', '2021-07-04 07:32:21'),
(129, 9, 3, 1, '1234', NULL, NULL, 0, '2021-07-04 07:35:27', '2021-07-04 07:38:09'),
(130, 10, 2, 1, 'HOLE ø', 6.50, 6.70, 0, '2021-07-05 09:52:41', NULL),
(131, 10, 2, 1, 'HOLE CENTER', 1.15, 1.35, 0, '2021-07-05 09:55:15', NULL),
(132, 63, 2, 38, 'HOLE ø', 4.10, 4.30, 0, '2021-07-05 10:09:24', NULL),
(133, 63, 2, 38, 'HOLE CENTER', 3.70, 3.90, 0, '2021-07-05 10:11:00', NULL),
(134, 63, 2, 38, 'HOLE CENTER', 42.90, 43.10, 0, '2021-07-05 10:12:20', NULL),
(135, 10, 2, 1, 'HOLE ø', 6.50, 6.70, 0, '2021-07-05 10:27:18', NULL),
(136, 10, 2, 1, 'HOLE CENTER', 1.15, 1.35, 0, '2021-07-05 10:27:52', NULL),
(137, 56, 2, 15, 'HOLE ø', 3.20, 3.40, 0, '2021-07-06 04:35:56', NULL),
(138, 56, 2, 15, 'HOLE CENTER', 1.75, 1.90, 0, '2021-07-06 04:36:51', NULL),
(139, 56, 2, 15, 'HOLE CENTER', 68.50, 68.90, 0, '2021-07-06 04:37:29', NULL),
(140, 17, 2, 7, 'HOLE ø', 8.40, 8.60, 0, '2021-07-07 08:47:03', NULL),
(141, 17, 2, 7, 'HOLE CENTER', 1.90, 2.10, 0, '2021-07-07 08:47:25', NULL),
(142, 13, 1, 36, 'T.LENGTH', 24.00, 24.20, 1, '2021-07-08 09:12:19', '2021-07-08 09:17:40'),
(143, 13, 1, 36, 'T.LENGTH', 24.00, 24.20, 0, '2021-07-08 09:15:04', NULL),
(144, 34, 2, 52, 'HOLE ø', 4.00, 4.10, 0, '2021-07-08 13:29:17', NULL),
(145, 34, 2, 52, 'HOLE CENTER', 1.20, 1.40, 0, '2021-07-08 13:29:46', NULL),
(146, 34, 2, 52, 'HOLE ø', 4.00, 4.10, 0, '2021-07-10 14:39:23', NULL),
(147, 34, 2, 52, 'HOLE CENTER', 1.20, 1.40, 0, '2021-07-10 14:39:39', NULL),
(148, 49, 2, 36, 'HOLE ø', 4.50, 4.80, 0, '2021-07-11 10:41:13', NULL),
(149, 49, 2, 36, 'HOLE ø', NULL, NULL, 1, '2021-07-11 10:41:34', '2021-07-11 10:52:50'),
(150, 49, 2, 36, 'HOLE', 4.50, 4.80, 0, '2021-07-11 10:41:57', NULL),
(151, 49, 2, 36, 'HOLE CENTER', 1.10, 1.30, 0, '2021-07-11 10:43:12', NULL),
(152, 49, 2, 36, 'HOLE CENTER', 1.20, 1.40, 0, '2021-07-11 10:44:36', NULL),
(153, 49, 2, 36, 'HOLE DEEP', 8.90, 9.10, 0, '2021-07-11 10:44:55', NULL),
(154, 1, 2, 1, 'HOLE ø', 10.00, 10.20, 0, '2021-07-11 11:05:03', NULL),
(155, 1, 2, 1, 'HOLE CENTER', 2.40, 2.60, 0, '2021-07-11 11:05:47', NULL),
(156, 1, 2, 1, 'HOLE CENTER', 2.90, 3.10, 0, '2021-07-11 11:06:14', NULL),
(157, 1, 2, 1, 'HOLE DEEP', 13.90, 14.10, 0, '2021-07-11 11:06:31', NULL),
(158, 63, 2, 1, 'HOLE ø', 6.50, 6.70, 0, '2021-09-09 10:34:22', NULL),
(159, 63, 2, 1, 'HOLE CENTER', 1.90, 2.10, 0, '2021-09-09 10:35:33', NULL),
(160, 63, 2, 1, 'HOLE CENTER', 1.40, 1.60, 0, '2021-09-09 10:35:56', NULL),
(161, 63, 2, 1, 'HOLE DEEP', 9.90, 10.10, 0, '2021-09-09 10:36:30', NULL),
(162, 63, 2, 41, 'HOLE ø', 6.40, 6.60, 0, '2021-09-13 10:13:06', NULL),
(163, 63, 2, 41, 'HOLE CENTER', 2.40, 2.60, 0, '2021-09-13 10:13:27', NULL),
(164, 63, 2, 41, 'HOLE CENTER', 1.40, 1.60, 0, '2021-09-13 10:13:45', NULL),
(165, 63, 2, 41, 'HOLE ø', 6.40, 6.60, 0, '2021-09-13 10:17:38', NULL),
(166, 63, 2, 41, 'HOLE CENTER', 2.40, 2.60, 0, '2021-09-13 10:18:01', NULL),
(167, 63, 2, 41, 'HOLE CENTER', 1.40, 1.60, 0, '2021-09-13 10:18:17', NULL),
(168, 55, 2, 73, 'HOLE ø', 3.33, 3.53, 0, '2021-10-03 08:44:27', NULL),
(169, 55, 2, 73, 'HOLE CENTER', 5.99, 6.19, 1, '2021-10-03 08:45:17', '2021-10-03 08:52:16'),
(170, 55, 2, 73, 'HOLE CENTER', 1.36, 1.56, 0, '2021-10-03 08:45:55', NULL),
(171, 55, 2, 73, 'HOLE ø', 3.46, 3.66, 0, '2021-10-03 08:52:59', NULL),
(172, 55, 2, 73, 'HOLE CENTER', 1.04, 1.24, 0, '2021-10-03 08:54:19', NULL),
(173, 55, 2, 73, 'HOLE CENTER', 1.30, 1.60, 0, '2021-10-03 08:55:07', NULL),
(174, 106, 8, 59, 'SLOTTING', 11.90, 12.10, 1, '2021-10-03 09:09:14', '2021-10-03 09:13:57'),
(175, 106, 8, 59, 'SLOT LENGTH', 3.50, 3.70, 1, '2021-10-03 09:09:37', '2021-10-03 09:13:38'),
(176, 106, 8, 59, 'SLOT WIDTH', 11.90, 12.10, 1, '2021-10-03 09:15:06', '2021-10-03 09:24:13'),
(177, 106, 8, 59, 'SLOTTING', NULL, NULL, 1, '2021-10-03 09:15:31', '2021-10-03 09:31:08'),
(178, 106, 8, 59, 'SLOTTING', 11.90, 12.10, 1, '2021-10-03 09:15:48', '2021-10-03 09:30:55'),
(179, 106, 8, 59, 'SLOT LENGTH', 3.50, 3.70, 1, '2021-10-03 09:16:26', '2021-10-05 12:12:36'),
(180, 106, 8, 59, 'SLOT WIDTH', 11.90, 12.10, 1, '2021-10-03 09:21:48', '2021-10-05 12:12:58'),
(181, 106, 8, 59, 'SLOT WIDTH', 11.90, 12.10, 1, '2021-10-03 09:28:36', '2021-10-05 12:12:45'),
(182, 106, 8, 59, 'SLOT LENGTH', 3.50, 3.70, 1, '2021-10-03 09:28:57', '2021-10-05 09:12:14'),
(183, 108, 8, 59, 'SLOT WIDTH', 11.90, 12.10, 0, '2021-10-03 09:43:23', NULL),
(184, 108, 8, 59, 'SLOT LENGTH', 11.90, 12.10, 0, '2021-10-04 10:19:54', NULL),
(185, 10, 2, 72, 'HOLE ø', 6.90, 7.10, 0, '2021-10-06 10:13:50', NULL),
(186, 10, 2, 72, 'HOLE CENTER', 13.90, 14.10, 0, '2021-10-06 10:14:26', NULL),
(187, 108, 8, 59, 'SLOT WIDTH', 7.90, 8.10, 0, '2021-10-12 11:19:32', NULL),
(188, 108, 8, 59, 'LENGTH', 3.30, 3.50, 0, '2021-10-12 11:19:56', NULL),
(189, 32, 2, 10, 'HOLE ø', 4.90, 5.10, 0, '2021-10-17 11:06:35', NULL),
(190, 32, 2, 10, 'HOLE CENTER', 16.90, 17.10, 0, '2021-10-17 11:07:19', NULL),
(191, 32, 2, 10, 'HOLE ø', 6.40, 6.60, 0, '2021-10-17 11:20:00', NULL),
(192, 32, 2, 10, 'HOLE ø', 6.90, 7.10, 0, '2021-10-17 11:21:23', NULL),
(193, 32, 2, 10, 'HOLE CENTER', 14.90, 15.10, 0, '2021-10-17 11:21:43', NULL),
(194, 32, 2, 10, 'HOLE CENTER', 2.90, 3.10, 0, '2021-10-17 11:22:01', NULL),
(195, 6, 2, 38, 'HOLE ø', 4.10, 4.30, 0, '2021-10-17 11:25:24', NULL),
(196, 6, 2, 38, 'HOLE CENTER', 3.70, 3.90, 0, '2021-10-17 11:25:51', NULL),
(197, 6, 2, 38, 'HOLE ø', 42.80, 43.00, 0, '2021-10-17 11:26:26', NULL),
(198, 5, 2, 38, 'HOLE ø', 7.00, 7.20, 0, '2021-11-23 11:03:18', NULL),
(199, 5, 2, 38, 'HOLE CENTER', 1.40, 1.60, 1, '2021-11-23 11:03:53', '2022-03-14 08:44:00'),
(200, 5, 2, 38, 'HOLE CENTER', 0.90, 1.10, 0, '2021-11-23 11:04:19', NULL),
(201, 5, 2, 38, 'HOLE DEEP', 19.90, 20.10, 1, '2021-11-23 11:04:44', '2022-03-14 08:43:16'),
(202, 5, 2, 38, 'HOLE ø', 7.00, 7.20, 0, '2021-12-02 05:10:11', NULL),
(203, 5, 2, 38, 'HOLE CENTER', 0.90, 1.10, 1, '2021-12-02 05:10:33', '2022-03-21 05:02:59'),
(204, 5, 2, 38, 'HOLE CENTER', 1.40, 1.60, 1, '2021-12-02 05:11:02', '2022-03-21 05:02:58'),
(205, 5, 2, 38, 'HOLE DEEP', 19.90, 20.10, 1, '2021-12-02 05:11:20', '2022-03-21 05:02:56'),
(206, 6, 2, 38, 'HOLE ø', 4.10, 4.30, 1, '2021-12-04 11:07:16', '2022-03-14 08:42:30'),
(207, 6, 2, 38, 'HOLE CENTER', 42.80, 43.20, 1, '2021-12-04 11:08:03', '2022-03-14 08:40:48'),
(208, 6, 2, 38, 'HOLE CENTER', 3.70, 3.90, 1, '2021-12-04 11:08:39', '2022-03-14 08:40:44');

-- --------------------------------------------------------

--
-- Table structure for table `tbl_items`
--

CREATE TABLE `tbl_items` (
  `id` bigint(20) UNSIGNED NOT NULL,
  `item_name` varchar(100) COLLATE utf8mb4_unicode_ci DEFAULT NULL,
  `drawing_no` varchar(100) COLLATE utf8mb4_unicode_ci DEFAULT NULL,
  `description` text COLLATE utf8mb4_unicode_ci DEFAULT NULL,
  `is_delete` tinyint(4) DEFAULT NULL,
  `created_at` timestamp NULL DEFAULT current_timestamp(),
  `updated_at` timestamp NULL DEFAULT NULL ON UPDATE current_timestamp()
) ENGINE=InnoDB DEFAULT CHARSET=utf8mb4 COLLATE=utf8mb4_unicode_ci;

--
-- Dumping data for table `tbl_items`
--

INSERT INTO `tbl_items` (`id`, `item_name`, `drawing_no`, `description`, `is_delete`, `created_at`, `updated_at`) VALUES
(1, 'Block', '3804103-G', 'Block', 0, '2021-05-12 23:21:28', '2021-05-12 23:21:33'),
(2, '10 MM Brass Screw', '53268001-S', '10 MM Brass Screw', 0, '2021-05-12 23:21:38', '2021-05-15 14:48:13'),
(3, 'Block-H2', '3804103-G12', 'blank - 2', 1, NULL, NULL),
(7, 'NEUTRAL LINK', 'BA 1614', 'NEUTRAL LINK', 0, '2021-06-21 04:26:45', NULL),
(8, 'LUG NEUTRAL LINK', '3880401-E', 'LUG NEUTRAL LINK', 0, '2021-06-21 04:28:46', NULL),
(9, 'NEUTRAL 400 A', '250241', 'NEUTRAL 400 A', 0, '2021-06-22 09:00:19', NULL),
(10, 'TERMINAL BODY', '807-1-0001-01', 'TERMINAL BODY', 0, '2021-06-22 09:01:29', NULL),
(15, 'NEUTRAL LINK', '380511-C', 'NEUTRAL LINK', 0, '2021-06-27 11:05:04', NULL),
(16, 'TERMINAL BODY', '807-1-0004-01', 'TERMINAL BODY', 0, '2021-06-27 11:06:34', NULL),
(17, 'BLOCK', '380277-B', 'BLOCK', 0, '2021-06-29 14:25:17', NULL),
(18, 'BRASS CABLE CLAMP (PLATE)', 'BM-150-P', 'PLATE', 0, '2021-07-03 13:49:51', NULL),
(19, 'BRASS CABLE CLAMP', 'BM-50/2', 'BRASS CABLE CLAMP', 0, '2021-07-04 05:11:41', NULL),
(20, 'NEUTRAL LINK', '3880301', 'NEUTRAL LINK', 0, '2021-07-04 05:54:07', NULL),
(21, 'BLOCK M16', '6700104-D', 'BLOCK M16', 0, '2021-07-05 03:25:53', '2021-07-05 03:26:11'),
(22, 'BLOCK L1 L2 L3 M10', '670032042-E', 'BLOCK', 0, '2021-07-05 03:26:52', NULL),
(23, 'BLOCK L1 L2 L3 M8', '670042042-E', 'BLOCK', 0, '2021-07-05 03:27:21', NULL),
(24, 'BLOCK L1 L2 L3 M10', '676932042-B', 'BLOCK', 0, '2021-07-05 03:27:49', NULL),
(25, 'BLOCK-M10', '670031042-D', 'BLOCK', 0, '2021-07-05 03:28:13', NULL),
(26, 'BLOCK-M8', '670041042-D', 'BLOCK', 0, '2021-07-05 03:28:41', NULL),
(27, 'BLOCK-M10', '67693104-B', 'BLOCK', 0, '2021-07-05 03:29:12', NULL),
(28, 'BLOCK PE M10', '670031041-C', 'BLOCK', 0, '2021-07-05 03:29:30', NULL),
(29, 'BLOCK PE M8', '670041041-C', 'BLOCK', 0, '2021-07-05 03:29:51', NULL),
(30, 'BLOCK PE M10', '676931041-B', 'BLOCK', 0, '2021-07-05 03:30:11', NULL),
(31, 'BLOCK U.V.W M10', '670032041-D', 'BLOCK', 0, '2021-07-05 03:30:32', NULL),
(32, 'BLOCK U.V.W M8', '670042041-E', 'BLOCK', 0, '2021-07-05 03:30:54', NULL),
(33, 'BLOCK UVW M10', '676932041-B', 'BLOCK', 0, '2021-07-05 03:31:14', NULL),
(34, 'NEUTRAL LINK', '3800113-C', 'NEUTRAL LINK', 0, '2021-07-05 03:31:37', NULL),
(35, 'NEUTRAL LINK', '380286-E', 'NEUTRAL LINK', 0, '2021-07-05 03:32:15', NULL),
(36, 'BLOCK 80A', '380493-B', 'BLOCK', 0, '2021-07-05 03:32:39', NULL),
(37, 'NEUTRAL LINK', '380821', 'NEUTRAL LINK', 0, '2021-07-05 03:32:55', NULL),
(38, 'BLOCK', '3803203-I', 'BLOCK', 0, '2021-07-05 03:33:13', NULL),
(39, 'NEUTRAL LINK', '3807201', 'NEUTRAL LINK', 0, '2021-07-05 03:34:02', NULL),
(40, 'BRASS BLOCK 175A', '3807303-C', 'BLOCK', 0, '2021-07-05 03:34:25', NULL),
(41, 'BRASS BLOCK 175A', '3807403-D', 'BLOCK', 0, '2021-07-05 03:34:44', NULL),
(42, 'BRASS BLOCK 115/125A', '3807503-D', 'BLOCK', 0, '2021-07-05 03:35:12', NULL),
(43, 'BRASS BLOCK 115/125A', '3807603-D', 'BLOCK', 0, '2021-07-05 03:35:29', NULL),
(44, 'NEUTRAL LINK', '3807704-E', 'NEUTRAL LINK', 0, '2021-07-05 03:35:50', NULL),
(45, 'NEUTRAL LINK', '3807804-E', 'NEUTRAL LINK', 0, '2021-07-05 03:36:06', NULL),
(46, 'NEUTRAL LINK', '38056031-D', 'NEUTRAL LINK', 0, '2021-07-05 03:36:20', NULL),
(47, 'PHASE BLOCK 100A', '38056032-D', 'BLOCK', 0, '2021-07-05 03:36:52', NULL),
(48, 'BRASS CONDUCTEUR', '38098011-C', 'BLOCK', 0, '2021-07-05 03:37:38', NULL),
(49, 'TERMINAL BODY 9  (BISCUITE)', '787-1-0002-01', 'BISCUITE', 0, '2021-07-05 09:44:03', '2021-07-14 13:38:54'),
(50, 'NEUTRAL LINK', '3880201-B', 'NEUTRAL LINK', 0, '2021-07-06 04:31:02', NULL),
(51, 'NEUTRAL LINK', '3880301-B', 'NEUTRAL LINK', 0, '2021-07-06 04:31:20', NULL),
(52, 'BRASS TERMINAL', 'SKA-1', 'SKA-1', 0, '2021-07-08 13:28:27', NULL),
(53, 'NEUTRAL LINK', 'BA 1609 U', 'NEUTRAL LINK', 0, '2021-07-10 07:01:00', NULL),
(54, 'BRASS TERMINAL', 'SKA-2', 'BRASS TERMINAL', 0, '2021-07-10 07:01:29', NULL),
(55, 'BRASS TERMINAL', 'SKA-3', 'BRASS TERMINAL', 0, '2021-07-10 07:01:45', NULL),
(56, 'ZW BLOCK', 'TK/4017/001/006', 'BLOCK', 0, '2021-07-10 07:02:30', NULL),
(57, '12 HOLE TERMINAL BAR', 'B3172', 'NEUTRAL LINK', 0, '2021-07-10 07:03:04', NULL),
(58, '10 HOLE TERMINAL BAR', 'B3131', 'NEUTRAL LINK', 0, '2021-07-10 07:03:26', NULL),
(59, 'BLOCK 15 X 15', '803-2-0143-01', 'BLOCK', 0, '2021-07-14 13:27:12', NULL),
(60, 'ALUMINIUM BLOCK 2 HOLE', '810-1-0020-01', 'ALUMINIUM BLOCK', 0, '2021-07-14 13:27:43', NULL),
(61, 'TERMINAL BODY', '807-1-0005-01', 'TERMINAL BODY', 0, '2021-07-14 13:28:07', NULL),
(62, 'ALUMINIUM BLOCK 2 HOLE', '810-1-0024-01', 'ALUMINIUM BLOCK', 0, '2021-07-14 13:28:29', NULL),
(63, 'TERMINAL BODY', '807-1-0008-01', 'TERMINAL BODY', 0, '2021-07-14 13:28:47', NULL),
(64, 'TERMINAL', '787-031-01', 'TERMINAL', 0, '2021-07-14 13:29:46', NULL),
(65, 'BLOCK 25 X 25', '806-2-0014-01', 'BLOCK', 0, '2021-07-14 13:30:07', NULL),
(66, 'BLOCK 11 X 11', '802-2-0234-01', 'BLOCK', 0, '2021-07-14 13:30:31', NULL),
(67, 'H BLOCK', 'D204866-H', 'BLOCK', 0, '2021-07-14 13:31:55', NULL),
(68, 'I BLOCK', 'D204866-I', 'BLOCK', 0, '2021-07-14 13:32:07', NULL),
(69, 'BLOCK', '3880501-C', 'BLOCK', 0, '2021-07-14 13:35:08', NULL),
(70, 'BLOCK', '3880601', 'BLOCK', 0, '2021-07-14 13:35:19', NULL),
(71, 'BLOCK', '3880701-E', 'BLOCK', 0, '2021-07-14 13:35:33', NULL),
(72, 'BRASS CABLE CLAMP -K', 'BM-95', 'BRASS CABLE CLAMP', 0, '2021-07-14 13:36:50', NULL),
(73, 'BRASS BLOCK', '1518', '1518', 0, '2021-10-03 08:43:14', NULL);

-- --------------------------------------------------------

--
-- Table structure for table `tbl_machine`
--

CREATE TABLE `tbl_machine` (
  `id` bigint(20) UNSIGNED NOT NULL,
  `machine_name` varchar(50) COLLATE utf8mb4_unicode_ci DEFAULT NULL,
  `description` text COLLATE utf8mb4_unicode_ci DEFAULT NULL,
  `is_delete` tinyint(4) DEFAULT NULL,
  `created_at` timestamp NULL DEFAULT current_timestamp(),
  `updated_at` timestamp NULL DEFAULT NULL ON UPDATE current_timestamp()
) ENGINE=InnoDB DEFAULT CHARSET=utf8mb4 COLLATE=utf8mb4_unicode_ci;

--
-- Dumping data for table `tbl_machine`
--

INSERT INTO `tbl_machine` (`id`, `machine_name`, `description`, `is_delete`, `created_at`, `updated_at`) VALUES
(1, 'DR-21', 'Drilling', 0, NULL, '2021-05-26 17:56:04'),
(2, 'TH-06', NULL, 0, NULL, '2021-05-26 17:54:02'),
(3, 'TH-07', NULL, 0, NULL, '2021-05-26 12:41:11'),
(4, 'TH-08', NULL, 0, NULL, NULL),
(5, 'DR-20', NULL, 0, NULL, NULL),
(6, 'DR-19', NULL, 0, NULL, NULL),
(7, 'DR-35', NULL, 0, NULL, NULL),
(8, 'SA-01', NULL, 0, NULL, NULL),
(9, 'SA-02', NULL, 0, NULL, NULL),
(10, 'DR-22', NULL, 0, NULL, NULL),
(11, 'TH-13', NULL, 0, NULL, '2021-05-26 18:01:01'),
(12, 'DR-51', NULL, 0, NULL, '2021-05-26 17:24:10'),
(13, 'AC-01', NULL, 0, NULL, NULL),
(17, 'DR-01', 'DRILL MACHINE', 0, '2021-06-21 04:10:33', NULL),
(18, 'DR-02', 'DRILL MACHINE', 0, '2021-06-21 04:10:49', NULL),
(19, 'DR-03', 'DRILL MACHINE', 0, '2021-06-21 04:10:58', NULL),
(20, 'DR-04', 'DRILL MACHINE', 0, '2021-06-21 04:11:23', NULL),
(21, 'DR-05', 'DRILL MACHINE', 0, '2021-06-21 04:11:40', NULL),
(22, 'DR-06', 'DRILL MACHINE', 0, '2021-06-21 04:12:40', NULL),
(23, 'DR-07', 'DRILL MACHINE', 0, '2021-06-21 04:12:48', NULL),
(24, 'DR-08', 'DRILL MACHINE', 0, '2021-06-21 04:13:01', NULL),
(25, 'DR-09', 'DRILL MACHINE', 0, '2021-06-21 04:13:17', NULL),
(26, 'DR-10', 'DRILL MACHINE', 0, '2021-06-21 04:13:29', NULL),
(27, 'DR-011', 'DRILL MACHINE', 1, '2021-06-21 04:13:44', '2021-06-21 04:19:06'),
(28, 'DR-12', 'DRILL MACHINE', 0, '2021-06-21 04:13:55', NULL),
(29, 'DR-11', 'DRILL MACHINE', 0, '2021-06-21 04:19:16', NULL),
(30, 'DR-13', 'DRILL MACHINE', 0, '2021-06-21 04:19:26', NULL),
(31, 'DR-14', 'DRILL MACHINE', 0, '2021-06-21 04:19:33', NULL),
(32, 'DR-15', 'DRILL MACHINE', 0, '2021-06-21 04:19:39', NULL),
(33, 'DR-16', 'DRILL MACHINE', 0, '2021-06-21 04:20:02', NULL),
(34, 'DR-17', 'DRILL MACHINE', 0, '2021-06-21 04:20:10', NULL),
(35, 'DR-18', 'DRILL MACHINE', 0, '2021-06-21 04:20:25', NULL),
(36, 'DR-23', 'DRILL MACHINE', 0, '2021-06-21 04:22:47', NULL),
(37, 'DR-24', 'DRILL MACHINE', 0, '2021-06-21 04:23:01', NULL),
(38, 'DR-25', 'DRILL MACHINE', 0, '2021-06-21 04:24:01', NULL),
(39, 'DR-26', 'DRILL MACHINE', 0, '2021-06-21 04:24:09', NULL),
(40, 'DR-27', 'DRILL MACHINE', 0, '2021-06-21 04:24:15', NULL),
(41, 'DR-28', 'DRILL MACHINE', 0, '2021-06-21 04:24:22', NULL),
(42, 'DR-29', 'DRILL MACHINE', 0, '2021-06-21 04:24:29', NULL),
(43, 'DR-30', 'DRILL MACHINE', 0, '2021-06-21 04:24:37', NULL),
(44, 'DR-31', 'DRILL MACHINE', 0, '2021-06-21 04:44:04', NULL),
(45, 'DR-32', 'DRILL MACHINE', 0, '2021-06-21 04:44:14', NULL),
(46, 'DR-33', 'DRILL MACHINE', 0, '2021-06-21 04:44:21', NULL),
(47, 'DR-34', 'DRILL MACHINE', 0, '2021-06-21 04:44:50', NULL),
(48, 'DR-36', 'DRILL MACHINE', 0, '2021-06-21 04:45:23', NULL),
(49, 'DR-37', 'DRILL MACHINE', 0, '2021-06-21 04:45:32', NULL),
(50, 'DR-38', 'DRILL MACHINE', 0, '2021-06-21 04:45:42', NULL),
(51, 'DR-39', 'DRILL MACHINE', 0, '2021-06-21 04:45:53', NULL),
(52, 'DR-40', 'DRILL MACHINE', 0, '2021-06-21 04:46:02', NULL),
(53, 'DR-41', 'DRILL MACHINE', 0, '2021-06-21 04:47:22', NULL),
(54, 'DR-42', 'DRILL MACHINE', 0, '2021-06-21 04:47:29', NULL),
(55, 'DR-43', 'DRILL MACHINE', 0, '2021-06-21 04:47:37', NULL),
(56, 'DR-44', 'DRILL MACHINE', 0, '2021-06-21 04:47:46', NULL),
(57, 'DR-45', 'DRILL MACHINE', 0, '2021-06-21 04:47:54', NULL),
(58, 'DR-46', 'DRILL MACHINE', 0, '2021-06-21 04:48:01', NULL),
(59, 'DR-47', 'DRILL MACHINE', 0, '2021-06-21 04:48:08', NULL),
(60, 'DR-48', 'DRILL MACHINE', 0, '2021-06-21 04:48:35', NULL),
(61, 'DR-49', 'DRILL MACHINE', 0, '2021-06-21 04:48:45', NULL),
(62, 'DR-50', 'DRILL MACHINE', 0, '2021-06-21 04:48:58', NULL),
(63, 'DR-52', 'DRILL MACHINE', 0, '2021-06-21 04:49:15', NULL),
(64, 'DR-53', 'DRILL MACHINE', 0, '2021-06-21 04:49:22', NULL),
(65, 'DR-54', 'DRILL MACHINE', 0, '2021-06-21 04:49:29', NULL),
(66, 'DR-55', 'DRILL MACHINE', 0, '2021-06-21 04:49:37', NULL),
(67, 'DR-56', 'DRILL MACHINE', 0, '2021-06-21 04:49:44', NULL),
(68, 'DR-57', 'DRILL MACHINE', 0, '2021-06-21 04:49:52', NULL),
(69, 'DR-58', 'DRILL MACHINE', 0, '2021-06-21 04:49:59', NULL),
(70, 'DR-59', 'DRILL MACHINE', 0, '2021-06-21 04:50:06', NULL),
(71, 'SA-03', 'SEMI-AUTO', 0, '2021-06-21 04:51:14', NULL),
(72, 'SA-04', 'SEMI-AUTO', 0, '2021-06-21 04:51:22', NULL),
(73, 'AC-02', 'AUTO CUTTING', 0, '2021-06-21 04:51:54', NULL),
(74, 'SL-01', 'SLOTTING MACHINE', 0, '2021-06-21 04:52:44', NULL),
(75, 'SL-02', 'SLOTTING MACHINE', 0, '2021-06-21 04:52:53', NULL),
(76, 'SL-03', 'SLOTTING MACHINE', 0, '2021-06-21 04:53:01', NULL),
(77, 'TH-01', 'THREADING MACHINE', 0, '2021-06-21 04:53:25', NULL),
(78, 'TH-02', 'THREADING MACHINE', 0, '2021-06-21 04:53:34', NULL),
(79, 'TH-03', 'THREADING MACHINE', 0, '2021-06-21 04:53:44', NULL),
(80, 'TH-04', 'THREADING MACHINE', 0, '2021-06-21 04:53:54', NULL),
(81, 'TH-05', 'THREADING MACHINE', 0, '2021-06-21 04:54:03', NULL),
(82, 'TH-09', 'THREADING MACHINE', 0, '2021-06-21 04:55:05', NULL),
(83, 'TH-10', 'THREADING MACHINE', 0, '2021-06-21 04:55:14', NULL),
(84, 'TH-11', 'THREADING MACHINE', 0, '2021-06-21 04:55:23', NULL),
(85, 'TH-12', 'THREADING MACHINE', 0, '2021-06-21 04:55:36', NULL),
(86, 'TH-14', 'THREADING MACHINE', 0, '2021-06-21 04:59:03', NULL),
(87, 'TH-15', 'THREADING MACHINE', 0, '2021-06-21 04:59:11', NULL),
(88, 'C-01', 'CUTTING MACHINE', 0, '2021-06-21 04:59:30', NULL),
(89, 'C-02', 'CUTTING MACHINE', 0, '2021-06-21 04:59:40', NULL),
(90, 'C-03', 'CUTTING MACHINE', 0, '2021-06-21 04:59:49', NULL),
(91, 'C-04', 'CUTTING MACHINE', 0, '2021-06-21 04:59:57', NULL),
(92, 'DR-61', 'DRILL MACHINE', 0, '2021-07-04 05:13:17', NULL),
(93, 'SA-05', 'SEMI-AUTO', 0, '2021-07-08 13:44:21', NULL),
(94, 'SPM-01', 'SPECIAL PURPOSE MACHINE', 0, '2021-07-08 13:44:42', NULL),
(95, 'SL-05', 'SLOTTING MACHINE', 0, '2021-10-03 09:05:23', '2021-10-03 09:33:19'),
(96, 'SL-06', 'SLOTTING MACHINE', 0, '2021-10-03 09:05:35', '2021-10-03 09:33:30'),
(97, 'SL-07', 'SLOTTING MACHINE', 0, '2021-10-03 09:05:49', '2021-10-03 09:33:42'),
(98, 'SL-08', 'SLOTTING MACHINE', 0, '2021-10-03 09:06:03', '2021-10-03 09:34:03'),
(99, 'SL-09', 'SLOTTING MACHINE', 0, '2021-10-03 09:06:11', '2021-10-03 09:34:15'),
(100, 'SL-10', 'SLOTTING MACHINE', 0, '2021-10-03 09:06:21', '2021-10-03 09:34:26'),
(101, 'SL-11', 'SLOTTING MACHINE', 0, '2021-10-03 09:06:32', '2021-10-03 09:34:40'),
(102, 'SL-12', 'SLOTTING MACHINE', 0, '2021-10-03 09:06:42', '2021-10-03 09:34:52'),
(103, 'SL-13', 'SLOTTING MACHINE', 0, '2021-10-03 09:06:53', '2021-10-03 09:35:03'),
(104, 'SL-14', 'SLOTTING MACHINE', 0, '2021-10-03 09:07:07', '2021-10-03 09:35:14'),
(105, 'SLOT-15', 'SLOTTING MACHINE', 1, '2021-10-03 09:07:16', '2021-10-03 09:32:59'),
(106, 'SLOT-16', 'SLOTTING MACHINE', 1, '2021-10-03 09:07:24', '2021-10-03 09:32:53'),
(107, 'SL-15', 'SLOTTING MACHINE', 0, '2021-10-03 09:35:26', NULL),
(108, 'SL-16', 'SLOTTING MACHINE', 0, '2021-10-03 09:35:36', NULL),
(109, 'SA-06', 'SEMI-AUTO', 0, '2021-12-04 13:12:27', NULL),
(110, 'SA-07', 'SEMI-AUTO', 0, '2021-12-04 13:12:35', NULL),
(111, 'SA-08', 'SEMI-AUTO', 0, '2021-12-04 13:12:45', NULL),
(112, 'SPM-03', 'SPECIAL PURPOSE MACHINE', 0, '2021-12-04 13:14:39', NULL),
(113, 'SPM-04', 'SPECIAL PURPOSE MACHINE', 0, '2021-12-04 13:14:48', NULL),
(114, 'SPM-05', 'SPECIAL PURPOSE MACHINE', 0, '2021-12-04 13:14:59', NULL),
(115, 'SPM-06', 'SPECIAL PURPOSE MACHINE', 0, '2021-12-04 13:15:13', NULL),
(116, 'SL-17', 'SLOTTING MACHINE', 0, '2021-12-04 13:15:45', NULL),
(117, 'SL-18', 'SLOTTING MACHINE', 0, '2021-12-04 13:15:54', NULL),
(118, 'THR-01', 'THREAD DRILL', 0, '2021-12-04 13:16:18', NULL),
(119, 'THR-02', 'THREAD DRILL', 0, '2021-12-04 13:16:35', NULL),
(120, 'THR-03', 'THREAD DRILL', 0, '2021-12-04 13:16:49', NULL),
(121, 'THR-04', 'THREAD DRILL', 0, '2021-12-04 13:16:58', NULL),
(122, 'THR-05', 'THREAD DRILL', 0, '2021-12-04 13:17:15', NULL),
(123, 'THR-06', 'THREAD DRILL', 0, '2021-12-04 13:17:26', NULL),
(124, 'DR-62', 'DRILL MACHINE', 0, '2021-12-04 13:17:48', NULL),
(125, 'DR-63', 'DRILL MACHINE', 0, '2021-12-04 13:17:56', NULL),
(126, 'DR-64', 'DRILL MACHINE', 0, '2021-12-04 13:18:02', NULL),
(127, 'DR-65', 'DRILL MACHINE', 0, '2021-12-04 13:18:09', NULL),
(128, 'DR-66', 'DRILL MACHINE', 0, '2021-12-04 13:18:21', NULL),
(129, 'DR-67', 'DRILL MACHINE', 0, '2021-12-04 13:18:30', NULL),
(130, 'DR-68', 'DRILL MACHINE', 0, '2021-12-04 13:18:37', NULL),
(131, 'DR-69', 'DRILL MACHINE', 0, '2021-12-04 13:18:46', NULL),
(132, 'DR-70', 'DRILL MACHINE', 0, '2021-12-04 13:18:55', NULL),
(133, 'DR-71', 'DRILL MACHINE', 0, '2021-12-04 13:19:02', NULL),
(134, 'DR-72', 'DRILL MACHINE', 0, '2021-12-04 13:19:09', NULL),
(135, 'DR-73', 'DRILL MACHINE', 0, '2021-12-04 13:19:17', NULL),
(136, 'DR-74', 'DRILL MACHINE', 0, '2021-12-04 13:19:24', NULL),
(137, 'DR-75', 'DRILL MACHINE', 0, '2021-12-04 13:19:31', NULL),
(138, 'DR-76', 'DRILL MACHINE', 0, '2021-12-04 13:19:38', NULL),
(139, 'DR-77', 'DRILL MACHINE', 0, '2021-12-04 13:19:45', NULL),
(140, 'DR-78', 'DRILL MACHINE', 0, '2021-12-04 13:20:09', NULL),
(141, 'AC-03', 'AUTO CUTTING', 0, '2021-12-04 13:20:27', NULL),
(142, 'SPM-02', 'SPECIAL PURPOSE MACHINE', 0, '2021-12-04 14:01:54', NULL),
(143, 'SL-04', 'SLOTTING MACHINE', 0, '2021-12-04 14:08:37', NULL),
(144, 'DR-60', 'DRILL MACHINE', 0, '2021-12-04 14:16:16', NULL),
(145, 'TH-16', 'THREADING MACHINE', 0, '2021-12-04 14:16:31', NULL),
(146, 'TH-17', 'THREADING MACHINE', 0, '2021-12-04 14:16:40', NULL),
(147, 'TH-18', 'THREADING MACHINE', 0, '2021-12-04 14:16:48', NULL),
(148, 'TH-19', 'THREADING MACHINE', 0, '2021-12-04 14:17:00', NULL);

-- --------------------------------------------------------

--
-- Table structure for table `tbl_process`
--

CREATE TABLE `tbl_process` (
  `id` bigint(20) UNSIGNED NOT NULL,
  `process_name` varchar(50) COLLATE utf8mb4_unicode_ci DEFAULT NULL,
  `description` text COLLATE utf8mb4_unicode_ci DEFAULT NULL,
  `is_delete` tinyint(4) DEFAULT NULL,
  `created_at` timestamp NULL DEFAULT current_timestamp(),
  `updated_at` timestamp NULL DEFAULT NULL ON UPDATE current_timestamp()
) ENGINE=InnoDB DEFAULT CHARSET=utf8mb4 COLLATE=utf8mb4_unicode_ci;

--
-- Dumping data for table `tbl_process`
--

INSERT INTO `tbl_process` (`id`, `process_name`, `description`, `is_delete`, `created_at`, `updated_at`) VALUES
(1, 'Cutting', 'Cutting Process', 0, NULL, NULL),
(2, 'Drilling', 'Drilling Process', 0, NULL, NULL),
(3, 'Thread Hole', 'Thread Hole Process', 0, NULL, NULL),
(4, 'Threading', 'Threading Process', 0, NULL, NULL),
(5, 'Threading-C2', 'Drilling Process', 1, NULL, '2021-05-15 10:29:16'),
(6, '1', '1', 1, '2021-05-15 10:46:02', '2021-05-15 10:46:05'),
(7, 'k', 'k', 1, '2021-05-19 10:31:02', '2021-05-19 10:31:09'),
(8, 'SLOTTING', 'SLOTTING PROCESS', 0, '2021-06-21 05:09:12', NULL);

--
-- Indexes for dumped tables
--

--
-- Indexes for table `tbl_ipmp`
--
ALTER TABLE `tbl_ipmp`
  ADD PRIMARY KEY (`id`);

--
-- Indexes for table `tbl_items`
--
ALTER TABLE `tbl_items`
  ADD PRIMARY KEY (`id`);

--
-- Indexes for table `tbl_machine`
--
ALTER TABLE `tbl_machine`
  ADD PRIMARY KEY (`id`);

--
-- Indexes for table `tbl_process`
--
ALTER TABLE `tbl_process`
  ADD PRIMARY KEY (`id`);

--
-- AUTO_INCREMENT for dumped tables
--

--
-- AUTO_INCREMENT for table `tbl_ipmp`
--
ALTER TABLE `tbl_ipmp`
  MODIFY `id` bigint(20) UNSIGNED NOT NULL AUTO_INCREMENT, AUTO_INCREMENT=209;

--
-- AUTO_INCREMENT for table `tbl_items`
--
ALTER TABLE `tbl_items`
  MODIFY `id` bigint(20) UNSIGNED NOT NULL AUTO_INCREMENT, AUTO_INCREMENT=74;

--
-- AUTO_INCREMENT for table `tbl_machine`
--
ALTER TABLE `tbl_machine`
  MODIFY `id` bigint(20) UNSIGNED NOT NULL AUTO_INCREMENT, AUTO_INCREMENT=149;

--
-- AUTO_INCREMENT for table `tbl_process`
--
ALTER TABLE `tbl_process`
  MODIFY `id` bigint(20) UNSIGNED NOT NULL AUTO_INCREMENT, AUTO_INCREMENT=9;
COMMIT;

/*!40101 SET CHARACTER_SET_CLIENT=@OLD_CHARACTER_SET_CLIENT */;
/*!40101 SET CHARACTER_SET_RESULTS=@OLD_CHARACTER_SET_RESULTS */;
/*!40101 SET COLLATION_CONNECTION=@OLD_COLLATION_CONNECTION */;
